{"Customer_Age": [27.0, 65.0], "Dependent_count": [0.0, 5.0], "Total_Relationship_Count": [1.0, 6.0], "Months_Inactive_12_mon": [1.0, 6.0], "Contacts_Count_12_mon": [0.0, 5.0], "Credit_Limit": [1438.3, 34516.0], "Total_Revolving_Bal": [0.0, 2517.0], "Total_Amt_Chng_Q4_Q1": [0.34026, 1.5147399999999998], "Total_Trans_Amt": [869.26, 15882.359999999997], "Total_Ct_Chng_Q4_Q1": [0.23099999999999998, 1.455], "Avg_Utilization_Ratio": [0.0, 0.9057399999999998]}